ticker,base_fcf_bn,fcf_cagr_pct,wacc_pct,dcf_median_bn,dcf_mean_bn,dcf_bear_bn,dcf_bull_bn,market_cap_bn,current_price,upside_pct
AMD,6.735,20.259787495136127,15.2195,104.81992932723274,110.66772908537614,68.7145420737084,160.8987482736268,326.326714368,200.15,-67.87883899415392
INTC,10.723,-30.0,12.0735,26.818465033579944,30.545334489598904,13.685965609260059,52.413475698178814,220.337324032,44.11,-87.82845114807465
AVGO,26.914,19.22308487932538,11.2155,609.8671655159402,660.4054211975808,382.1321414228998,1002.9029943493819,1577.184657408,332.65,-61.331911095418775
QCOM,11.9102,7.388083464448991,11.309,168.348618333773,178.05632666661242,119.50554051493528,248.6180401939352,152.60229632,142.88,10.31853543065544
MU,1.668,-9.052537538419447,12.7775,10.176025800700383,10.651377228647211,7.376413830291252,14.516319414810827,481.90930944,428.17,-97.88839401908932
AMAT,5.698,4.522552657852796,13.7235,56.08787991437572,57.9976572555731,42.889226434863225,75.57001259673554,297.947168768,375.38,-81.17522641806032
LRCX,5.2472744,14.527734943291737,14.268,72.16868388594838,75.62037945521348,49.89045326806563,105.90409189234289,307.626868736,244.92,-76.54018838390795
KLAC,3.746644,17.68278094546747,12.5025,69.06056203834109,73.54820345676389,45.00436833008382,108.02053576325135,196.562927616,1496.0,-64.86592722445815
TXN,2.603,-19.806926738611708,9.9725,12.881000529147762,14.280312782732913,7.476511130308277,22.995883368739932,199.6517376,219.73,-93.54826525228911
